CREATE TABLE IF NOT EXISTS "auth_group" ("id" integer NOT NULL PRIMARY KEY AUTOINCREMENT, "name" varchar(150) NOT NULL UNIQUE);
CREATE UNIQUE INDEX "auth_group_permissions_group_id_permission_id_0cd325b0_uniq" ON "auth_group_permissions" ("group_id", "permission_id");
CREATE INDEX IF NOT EXISTS "auth_group_permissions_group_id_b120cbf9" ON "auth_group_permissions" ("group_id");
CREATE INDEX IF NOT EXISTS "auth_group_permissions_permission_id_84c5c92e" ON "auth_group_permissions" ("permission_id");
CREATE UNIQUE INDEX "auth_user_groups_user_id_group_id_94350c0c_uniq" ON "auth_user_groups" ("user_id", "group_id");
CREATE INDEX IF NOT EXISTS "auth_user_groups_user_id_6a12ed8b" ON "auth_user_groups" ("user_id");
CREATE INDEX IF NOT EXISTS "auth_user_groups_group_id_97559544" ON "auth_user_groups" ("group_id");
CREATE UNIQUE INDEX "auth_user_user_permissions_user_id_permission_id_14a6b632_uniq" ON "auth_user_user_permissions" ("user_id", "permission_id");
CREATE INDEX IF NOT EXISTS "auth_user_user_permissions_user_id_a95ead1b" ON "auth_user_user_permissions" ("user_id");
CREATE INDEX IF NOT EXISTS "auth_user_user_permissions_permission_id_1fbb5f2c" ON "auth_user_user_permissions" ("permission_id");
CREATE INDEX IF NOT EXISTS "django_admin_log_content_type_id_c4bce8eb" ON "django_admin_log" ("content_type_id");
CREATE INDEX IF NOT EXISTS "django_admin_log_user_id_c564eba6" ON "django_admin_log" ("user_id");
CREATE UNIQUE INDEX "django_content_type_app_label_model_76bd3d3b_uniq" ON "django_content_type" ("app_label", "model");
CREATE UNIQUE INDEX "auth_permission_content_type_id_codename_01ab375a_uniq" ON "auth_permission" ("content_type_id", "codename");
CREATE INDEX IF NOT EXISTS "auth_permission_content_type_id_2f476e4b" ON "auth_permission" ("content_type_id");
CREATE INDEX IF NOT EXISTS "django_session_expire_date_a5c62663" ON "django_session" ("expire_date");
CREATE INDEX IF NOT EXISTS "transactions_saleitem_billno_id_eb219925" ON "transactions_saleitem" ("billno_id");
CREATE INDEX IF NOT EXISTS "transactions_saleitem_stock_id_4b17b3fd" ON "transactions_saleitem" ("stock_id");
CREATE INDEX IF NOT EXISTS "transactions_salebilldetails_billno_id_29bdca68" ON "transactions_salebilldetails" ("billno_id");
CREATE INDEX IF NOT EXISTS "transactions_purchaseitem_billno_id_1c37095c" ON "transactions_purchaseitem" ("billno_id");
CREATE INDEX IF NOT EXISTS "transactions_purchaseitem_stock_id_7cdd5bf7" ON "transactions_purchaseitem" ("stock_id");
CREATE INDEX IF NOT EXISTS "transactions_purchasebilldetails_billno_id_68bce76e" ON "transactions_purchasebilldetails" ("billno_id");
CREATE INDEX IF NOT EXISTS "transactions_purchasebill_supplier_id_ab6d7429" ON "transactions_purchasebill" ("supplier_id");
CREATE TABLE IF NOT EXISTS "auth_group_permissions" ("id" integer NOT NULL PRIMARY KEY AUTOINCREMENT, "group_id" integer NOT NULL REFERENCES "auth_group" ("id") DEFERRABLE INITIALLY DEFERRED, "permission_id" integer NOT NULL REFERENCES "auth_permission" ("id") DEFERRABLE INITIALLY DEFERRED);
CREATE UNIQUE INDEX "auth_group_permissions_group_id_permission_id_0cd325b0_uniq" ON "auth_group_permissions" ("group_id", "permission_id");
CREATE INDEX IF NOT EXISTS "auth_group_permissions_group_id_b120cbf9" ON "auth_group_permissions" ("group_id");
CREATE INDEX IF NOT EXISTS "auth_group_permissions_permission_id_84c5c92e" ON "auth_group_permissions" ("permission_id");
CREATE UNIQUE INDEX "auth_user_groups_user_id_group_id_94350c0c_uniq" ON "auth_user_groups" ("user_id", "group_id");
CREATE INDEX IF NOT EXISTS "auth_user_groups_user_id_6a12ed8b" ON "auth_user_groups" ("user_id");
CREATE INDEX IF NOT EXISTS "auth_user_groups_group_id_97559544" ON "auth_user_groups" ("group_id");
CREATE UNIQUE INDEX "auth_user_user_permissions_user_id_permission_id_14a6b632_uniq" ON "auth_user_user_permissions" ("user_id", "permission_id");
CREATE INDEX IF NOT EXISTS "auth_user_user_permissions_user_id_a95ead1b" ON "auth_user_user_permissions" ("user_id");
CREATE INDEX IF NOT EXISTS "auth_user_user_permissions_permission_id_1fbb5f2c" ON "auth_user_user_permissions" ("permission_id");
CREATE INDEX IF NOT EXISTS "django_admin_log_content_type_id_c4bce8eb" ON "django_admin_log" ("content_type_id");
CREATE INDEX IF NOT EXISTS "django_admin_log_user_id_c564eba6" ON "django_admin_log" ("user_id");
CREATE UNIQUE INDEX "django_content_type_app_label_model_76bd3d3b_uniq" ON "django_content_type" ("app_label", "model");
CREATE UNIQUE INDEX "auth_permission_content_type_id_codename_01ab375a_uniq" ON "auth_permission" ("content_type_id", "codename");
CREATE INDEX IF NOT EXISTS "auth_permission_content_type_id_2f476e4b" ON "auth_permission" ("content_type_id");
CREATE INDEX IF NOT EXISTS "django_session_expire_date_a5c62663" ON "django_session" ("expire_date");
CREATE INDEX IF NOT EXISTS "transactions_saleitem_billno_id_eb219925" ON "transactions_saleitem" ("billno_id");
CREATE INDEX IF NOT EXISTS "transactions_saleitem_stock_id_4b17b3fd" ON "transactions_saleitem" ("stock_id");
CREATE INDEX IF NOT EXISTS "transactions_salebilldetails_billno_id_29bdca68" ON "transactions_salebilldetails" ("billno_id");
CREATE INDEX IF NOT EXISTS "transactions_purchaseitem_billno_id_1c37095c" ON "transactions_purchaseitem" ("billno_id");
CREATE INDEX IF NOT EXISTS "transactions_purchaseitem_stock_id_7cdd5bf7" ON "transactions_purchaseitem" ("stock_id");
CREATE INDEX IF NOT EXISTS "transactions_purchasebilldetails_billno_id_68bce76e" ON "transactions_purchasebilldetails" ("billno_id");
CREATE INDEX IF NOT EXISTS "transactions_purchasebill_supplier_id_ab6d7429" ON "transactions_purchasebill" ("supplier_id");
CREATE TABLE IF NOT EXISTS "auth_permission" ("id" integer NOT NULL PRIMARY KEY AUTOINCREMENT, "content_type_id" integer NOT NULL REFERENCES "django_content_type" ("id") DEFERRABLE INITIALLY DEFERRED, "codename" varchar(100) NOT NULL, "name" varchar(255) NOT NULL);
INSERT INTO "auth_permission" VALUES(1,1,'add_logentry','Can add log entry');
INSERT INTO "auth_permission" VALUES(2,1,'change_logentry','Can change log entry');
INSERT INTO "auth_permission" VALUES(3,1,'delete_logentry','Can delete log entry');
INSERT INTO "auth_permission" VALUES(4,1,'view_logentry','Can view log entry');
INSERT INTO "auth_permission" VALUES(5,2,'add_permission','Can add permission');
INSERT INTO "auth_permission" VALUES(6,2,'change_permission','Can change permission');
INSERT INTO "auth_permission" VALUES(7,2,'delete_permission','Can delete permission');
INSERT INTO "auth_permission" VALUES(8,2,'view_permission','Can view permission');
INSERT INTO "auth_permission" VALUES(9,3,'add_group','Can add group');
INSERT INTO "auth_permission" VALUES(10,3,'change_group','Can change group');
INSERT INTO "auth_permission" VALUES(11,3,'delete_group','Can delete group');
INSERT INTO "auth_permission" VALUES(12,3,'view_group','Can view group');
INSERT INTO "auth_permission" VALUES(13,4,'add_user','Can add user');
INSERT INTO "auth_permission" VALUES(14,4,'change_user','Can change user');
INSERT INTO "auth_permission" VALUES(15,4,'delete_user','Can delete user');
INSERT INTO "auth_permission" VALUES(16,4,'view_user','Can view user');
INSERT INTO "auth_permission" VALUES(17,5,'add_contenttype','Can add content type');
INSERT INTO "auth_permission" VALUES(18,5,'change_contenttype','Can change content type');
INSERT INTO "auth_permission" VALUES(19,5,'delete_contenttype','Can delete content type');
INSERT INTO "auth_permission" VALUES(20,5,'view_contenttype','Can view content type');
INSERT INTO "auth_permission" VALUES(21,6,'add_session','Can add session');
INSERT INTO "auth_permission" VALUES(22,6,'change_session','Can change session');
INSERT INTO "auth_permission" VALUES(23,6,'delete_session','Can delete session');
INSERT INTO "auth_permission" VALUES(24,6,'view_session','Can view session');
INSERT INTO "auth_permission" VALUES(25,7,'add_stock','Can add stock');
INSERT INTO "auth_permission" VALUES(26,7,'change_stock','Can change stock');
INSERT INTO "auth_permission" VALUES(27,7,'delete_stock','Can delete stock');
INSERT INTO "auth_permission" VALUES(28,7,'view_stock','Can view stock');
INSERT INTO "auth_permission" VALUES(29,8,'add_purchasebill','Can add purchase bill');
INSERT INTO "auth_permission" VALUES(30,8,'change_purchasebill','Can change purchase bill');
INSERT INTO "auth_permission" VALUES(31,8,'delete_purchasebill','Can delete purchase bill');
INSERT INTO "auth_permission" VALUES(32,8,'view_purchasebill','Can view purchase bill');
INSERT INTO "auth_permission" VALUES(33,9,'add_salebill','Can add sale bill');
INSERT INTO "auth_permission" VALUES(34,9,'change_salebill','Can change sale bill');
INSERT INTO "auth_permission" VALUES(35,9,'delete_salebill','Can delete sale bill');
INSERT INTO "auth_permission" VALUES(36,9,'view_salebill','Can view sale bill');
INSERT INTO "auth_permission" VALUES(37,10,'add_supplier','Can add supplier');
INSERT INTO "auth_permission" VALUES(38,10,'change_supplier','Can change supplier');
INSERT INTO "auth_permission" VALUES(39,10,'delete_supplier','Can delete supplier');
INSERT INTO "auth_permission" VALUES(40,10,'view_supplier','Can view supplier');
INSERT INTO "auth_permission" VALUES(41,11,'add_saleitem','Can add sale item');
INSERT INTO "auth_permission" VALUES(42,11,'change_saleitem','Can change sale item');
INSERT INTO "auth_permission" VALUES(43,11,'delete_saleitem','Can delete sale item');
INSERT INTO "auth_permission" VALUES(44,11,'view_saleitem','Can view sale item');
INSERT INTO "auth_permission" VALUES(45,12,'add_salebilldetails','Can add sale bill details');
INSERT INTO "auth_permission" VALUES(46,12,'change_salebilldetails','Can change sale bill details');
INSERT INTO "auth_permission" VALUES(47,12,'delete_salebilldetails','Can delete sale bill details');
INSERT INTO "auth_permission" VALUES(48,12,'view_salebilldetails','Can view sale bill details');
INSERT INTO "auth_permission" VALUES(49,13,'add_purchaseitem','Can add purchase item');
INSERT INTO "auth_permission" VALUES(50,13,'change_purchaseitem','Can change purchase item');
INSERT INTO "auth_permission" VALUES(51,13,'delete_purchaseitem','Can delete purchase item');
INSERT INTO "auth_permission" VALUES(52,13,'view_purchaseitem','Can view purchase item');
INSERT INTO "auth_permission" VALUES(53,14,'add_purchasebilldetails','Can add purchase bill details');
INSERT INTO "auth_permission" VALUES(54,14,'change_purchasebilldetails','Can change purchase bill details');
INSERT INTO "auth_permission" VALUES(55,14,'delete_purchasebilldetails','Can delete purchase bill details');
INSERT INTO "auth_permission" VALUES(56,14,'view_purchasebilldetails','Can view purchase bill details');
CREATE UNIQUE INDEX "auth_group_permissions_group_id_permission_id_0cd325b0_uniq" ON "auth_group_permissions" ("group_id", "permission_id");
CREATE INDEX IF NOT EXISTS "auth_group_permissions_group_id_b120cbf9" ON "auth_group_permissions" ("group_id");
CREATE INDEX IF NOT EXISTS "auth_group_permissions_permission_id_84c5c92e" ON "auth_group_permissions" ("permission_id");
CREATE UNIQUE INDEX "auth_user_groups_user_id_group_id_94350c0c_uniq" ON "auth_user_groups" ("user_id", "group_id");
CREATE INDEX IF NOT EXISTS "auth_user_groups_user_id_6a12ed8b" ON "auth_user_groups" ("user_id");
CREATE INDEX IF NOT EXISTS "auth_user_groups_group_id_97559544" ON "auth_user_groups" ("group_id");
CREATE UNIQUE INDEX "auth_user_user_permissions_user_id_permission_id_14a6b632_uniq" ON "auth_user_user_permissions" ("user_id", "permission_id");
CREATE INDEX IF NOT EXISTS "auth_user_user_permissions_user_id_a95ead1b" ON "auth_user_user_permissions" ("user_id");
CREATE INDEX IF NOT EXISTS "auth_user_user_permissions_permission_id_1fbb5f2c" ON "auth_user_user_permissions" ("permission_id");
CREATE INDEX IF NOT EXISTS "django_admin_log_content_type_id_c4bce8eb" ON "django_admin_log" ("content_type_id");
CREATE INDEX IF NOT EXISTS "django_admin_log_user_id_c564eba6" ON "django_admin_log" ("user_id");
CREATE UNIQUE INDEX "django_content_type_app_label_model_76bd3d3b_uniq" ON "django_content_type" ("app_label", "model");
CREATE UNIQUE INDEX "auth_permission_content_type_id_codename_01ab375a_uniq" ON "auth_permission" ("content_type_id", "codename");
CREATE INDEX IF NOT EXISTS "auth_permission_content_type_id_2f476e4b" ON "auth_permission" ("content_type_id");
CREATE INDEX IF NOT EXISTS "django_session_expire_date_a5c62663" ON "django_session" ("expire_date");
CREATE INDEX IF NOT EXISTS "transactions_saleitem_billno_id_eb219925" ON "transactions_saleitem" ("billno_id");
CREATE INDEX IF NOT EXISTS "transactions_saleitem_stock_id_4b17b3fd" ON "transactions_saleitem" ("stock_id");
CREATE INDEX IF NOT EXISTS "transactions_salebilldetails_billno_id_29bdca68" ON "transactions_salebilldetails" ("billno_id");
CREATE INDEX IF NOT EXISTS "transactions_purchaseitem_billno_id_1c37095c" ON "transactions_purchaseitem" ("billno_id");
CREATE INDEX IF NOT EXISTS "transactions_purchaseitem_stock_id_7cdd5bf7" ON "transactions_purchaseitem" ("stock_id");
CREATE INDEX IF NOT EXISTS "transactions_purchasebilldetails_billno_id_68bce76e" ON "transactions_purchasebilldetails" ("billno_id");
CREATE INDEX IF NOT EXISTS "transactions_purchasebill_supplier_id_ab6d7429" ON "transactions_purchasebill" ("supplier_id");
CREATE TABLE IF NOT EXISTS "auth_user" ("id" integer NOT NULL PRIMARY KEY AUTOINCREMENT, "password" varchar(128) NOT NULL, "last_login" datetime NULL, "is_superuser" bool NOT NULL, "username" varchar(150) NOT NULL UNIQUE, "first_name" varchar(30) NOT NULL, "email" varchar(254) NOT NULL, "is_staff" bool NOT NULL, "is_active" bool NOT NULL, "date_joined" datetime NOT NULL, "last_name" varchar(150) NOT NULL);
INSERT INTO "auth_user" VALUES(1,'pbkdf2_sha256$180000$DM0ws0QHAVTf$quhtteHnMpunovXD+NWBQZ38vUvlrySaJru6EbKAuYI=','2023-04-04 17:10:54.565731',1,'dhairya','','dhairyabvora@gmail.com',1,1,'2023-02-21 08:32:31.453683','');
INSERT INTO "auth_user" VALUES(2,'pbkdf2_sha256$180000$jJL4rL6ITXO0$5yrLNhOxFrQ0PGWxYNHb7Klcc2428QcEge0KzaV+twU=','2023-04-26 17:05:36.691408',1,'jeet','','test@jeet.com',1,1,'2023-04-04 17:07:38.880145','');
INSERT INTO "auth_user" VALUES(3,'pbkdf2_sha256$180000$LgaUHLL2ilZ6$ASA75ZENNxvkiX8g6RACtGqxPfH1TsF/nl4ZeZJIJeE=','2023-04-08 09:30:17.325725',1,'shubhra','','',1,1,'2023-04-04 17:09:27','');
CREATE UNIQUE INDEX "auth_group_permissions_group_id_permission_id_0cd325b0_uniq" ON "auth_group_permissions" ("group_id", "permission_id");
CREATE INDEX IF NOT EXISTS "auth_group_permissions_group_id_b120cbf9" ON "auth_group_permissions" ("group_id");
CREATE INDEX IF NOT EXISTS "auth_group_permissions_permission_id_84c5c92e" ON "auth_group_permissions" ("permission_id");
CREATE UNIQUE INDEX "auth_user_groups_user_id_group_id_94350c0c_uniq" ON "auth_user_groups" ("user_id", "group_id");
CREATE INDEX IF NOT EXISTS "auth_user_groups_user_id_6a12ed8b" ON "auth_user_groups" ("user_id");
CREATE INDEX IF NOT EXISTS "auth_user_groups_group_id_97559544" ON "auth_user_groups" ("group_id");
CREATE UNIQUE INDEX "auth_user_user_permissions_user_id_permission_id_14a6b632_uniq" ON "auth_user_user_permissions" ("user_id", "permission_id");
CREATE INDEX IF NOT EXISTS "auth_user_user_permissions_user_id_a95ead1b" ON "auth_user_user_permissions" ("user_id");
CREATE INDEX IF NOT EXISTS "auth_user_user_permissions_permission_id_1fbb5f2c" ON "auth_user_user_permissions" ("permission_id");
CREATE INDEX IF NOT EXISTS "django_admin_log_content_type_id_c4bce8eb" ON "django_admin_log" ("content_type_id");
CREATE INDEX IF NOT EXISTS "django_admin_log_user_id_c564eba6" ON "django_admin_log" ("user_id");
CREATE UNIQUE INDEX "django_content_type_app_label_model_76bd3d3b_uniq" ON "django_content_type" ("app_label", "model");
CREATE UNIQUE INDEX "auth_permission_content_type_id_codename_01ab375a_uniq" ON "auth_permission" ("content_type_id", "codename");
CREATE INDEX IF NOT EXISTS "auth_permission_content_type_id_2f476e4b" ON "auth_permission" ("content_type_id");
CREATE INDEX IF NOT EXISTS "django_session_expire_date_a5c62663" ON "django_session" ("expire_date");
CREATE INDEX IF NOT EXISTS "transactions_saleitem_billno_id_eb219925" ON "transactions_saleitem" ("billno_id");
CREATE INDEX IF NOT EXISTS "transactions_saleitem_stock_id_4b17b3fd" ON "transactions_saleitem" ("stock_id");
CREATE INDEX IF NOT EXISTS "transactions_salebilldetails_billno_id_29bdca68" ON "transactions_salebilldetails" ("billno_id");
CREATE INDEX IF NOT EXISTS "transactions_purchaseitem_billno_id_1c37095c" ON "transactions_purchaseitem" ("billno_id");
CREATE INDEX IF NOT EXISTS "transactions_purchaseitem_stock_id_7cdd5bf7" ON "transactions_purchaseitem" ("stock_id");
CREATE INDEX IF NOT EXISTS "transactions_purchasebilldetails_billno_id_68bce76e" ON "transactions_purchasebilldetails" ("billno_id");
CREATE INDEX IF NOT EXISTS "transactions_purchasebill_supplier_id_ab6d7429" ON "transactions_purchasebill" ("supplier_id");
CREATE TABLE IF NOT EXISTS "auth_user_groups" ("id" integer NOT NULL PRIMARY KEY AUTOINCREMENT, "user_id" integer NOT NULL REFERENCES "auth_user" ("id") DEFERRABLE INITIALLY DEFERRED, "group_id" integer NOT NULL REFERENCES "auth_group" ("id") DEFERRABLE INITIALLY DEFERRED);
CREATE UNIQUE INDEX "auth_group_permissions_group_id_permission_id_0cd325b0_uniq" ON "auth_group_permissions" ("group_id", "permission_id");
CREATE INDEX IF NOT EXISTS "auth_group_permissions_group_id_b120cbf9" ON "auth_group_permissions" ("group_id");
CREATE INDEX IF NOT EXISTS "auth_group_permissions_permission_id_84c5c92e" ON "auth_group_permissions" ("permission_id");
CREATE UNIQUE INDEX "auth_user_groups_user_id_group_id_94350c0c_uniq" ON "auth_user_groups" ("user_id", "group_id");
CREATE INDEX IF NOT EXISTS "auth_user_groups_user_id_6a12ed8b" ON "auth_user_groups" ("user_id");
CREATE INDEX IF NOT EXISTS "auth_user_groups_group_id_97559544" ON "auth_user_groups" ("group_id");
CREATE UNIQUE INDEX "auth_user_user_permissions_user_id_permission_id_14a6b632_uniq" ON "auth_user_user_permissions" ("user_id", "permission_id");
CREATE INDEX IF NOT EXISTS "auth_user_user_permissions_user_id_a95ead1b" ON "auth_user_user_permissions" ("user_id");
CREATE INDEX IF NOT EXISTS "auth_user_user_permissions_permission_id_1fbb5f2c" ON "auth_user_user_permissions" ("permission_id");
CREATE INDEX IF NOT EXISTS "django_admin_log_content_type_id_c4bce8eb" ON "django_admin_log" ("content_type_id");
CREATE INDEX IF NOT EXISTS "django_admin_log_user_id_c564eba6" ON "django_admin_log" ("user_id");
CREATE UNIQUE INDEX "django_content_type_app_label_model_76bd3d3b_uniq" ON "django_content_type" ("app_label", "model");
CREATE UNIQUE INDEX "auth_permission_content_type_id_codename_01ab375a_uniq" ON "auth_permission" ("content_type_id", "codename");
CREATE INDEX IF NOT EXISTS "auth_permission_content_type_id_2f476e4b" ON "auth_permission" ("content_type_id");
CREATE INDEX IF NOT EXISTS "django_session_expire_date_a5c62663" ON "django_session" ("expire_date");
CREATE INDEX IF NOT EXISTS "transactions_saleitem_billno_id_eb219925" ON "transactions_saleitem" ("billno_id");
CREATE INDEX IF NOT EXISTS "transactions_saleitem_stock_id_4b17b3fd" ON "transactions_saleitem" ("stock_id");
CREATE INDEX IF NOT EXISTS "transactions_salebilldetails_billno_id_29bdca68" ON "transactions_salebilldetails" ("billno_id");
CREATE INDEX IF NOT EXISTS "transactions_purchaseitem_billno_id_1c37095c" ON "transactions_purchaseitem" ("billno_id");
CREATE INDEX IF NOT EXISTS "transactions_purchaseitem_stock_id_7cdd5bf7" ON "transactions_purchaseitem" ("stock_id");
CREATE INDEX IF NOT EXISTS "transactions_purchasebilldetails_billno_id_68bce76e" ON "transactions_purchasebilldetails" ("billno_id");
CREATE INDEX IF NOT EXISTS "transactions_purchasebill_supplier_id_ab6d7429" ON "transactions_purchasebill" ("supplier_id");
CREATE TABLE IF NOT EXISTS "auth_user_user_permissions" ("id" integer NOT NULL PRIMARY KEY AUTOINCREMENT, "user_id" integer NOT NULL REFERENCES "auth_user" ("id") DEFERRABLE INITIALLY DEFERRED, "permission_id" integer NOT NULL REFERENCES "auth_permission" ("id") DEFERRABLE INITIALLY DEFERRED);
CREATE UNIQUE INDEX "auth_group_permissions_group_id_permission_id_0cd325b0_uniq" ON "auth_group_permissions" ("group_id", "permission_id");
CREATE INDEX IF NOT EXISTS "auth_group_permissions_group_id_b120cbf9" ON "auth_group_permissions" ("group_id");
CREATE INDEX IF NOT EXISTS "auth_group_permissions_permission_id_84c5c92e" ON "auth_group_permissions" ("permission_id");
CREATE UNIQUE INDEX "auth_user_groups_user_id_group_id_94350c0c_uniq" ON "auth_user_groups" ("user_id", "group_id");
CREATE INDEX IF NOT EXISTS "auth_user_groups_user_id_6a12ed8b" ON "auth_user_groups" ("user_id");
CREATE INDEX IF NOT EXISTS "auth_user_groups_group_id_97559544" ON "auth_user_groups" ("group_id");
CREATE UNIQUE INDEX "auth_user_user_permissions_user_id_permission_id_14a6b632_uniq" ON "auth_user_user_permissions" ("user_id", "permission_id");
CREATE INDEX IF NOT EXISTS "auth_user_user_permissions_user_id_a95ead1b" ON "auth_user_user_permissions" ("user_id");
CREATE INDEX IF NOT EXISTS "auth_user_user_permissions_permission_id_1fbb5f2c" ON "auth_user_user_permissions" ("permission_id");
CREATE INDEX IF NOT EXISTS "django_admin_log_content_type_id_c4bce8eb" ON "django_admin_log" ("content_type_id");
CREATE INDEX IF NOT EXISTS "django_admin_log_user_id_c564eba6" ON "django_admin_log" ("user_id");
CREATE UNIQUE INDEX "django_content_type_app_label_model_76bd3d3b_uniq" ON "django_content_type" ("app_label", "model");
CREATE UNIQUE INDEX "auth_permission_content_type_id_codename_01ab375a_uniq" ON "auth_permission" ("content_type_id", "codename");
CREATE INDEX IF NOT EXISTS "auth_permission_content_type_id_2f476e4b" ON "auth_permission" ("content_type_id");
CREATE INDEX IF NOT EXISTS "django_session_expire_date_a5c62663" ON "django_session" ("expire_date");
CREATE INDEX IF NOT EXISTS "transactions_saleitem_billno_id_eb219925" ON "transactions_saleitem" ("billno_id");
CREATE INDEX IF NOT EXISTS "transactions_saleitem_stock_id_4b17b3fd" ON "transactions_saleitem" ("stock_id");
CREATE INDEX IF NOT EXISTS "transactions_salebilldetails_billno_id_29bdca68" ON "transactions_salebilldetails" ("billno_id");
CREATE INDEX IF NOT EXISTS "transactions_purchaseitem_billno_id_1c37095c" ON "transactions_purchaseitem" ("billno_id");
CREATE INDEX IF NOT EXISTS "transactions_purchaseitem_stock_id_7cdd5bf7" ON "transactions_purchaseitem" ("stock_id");
CREATE INDEX IF NOT EXISTS "transactions_purchasebilldetails_billno_id_68bce76e" ON "transactions_purchasebilldetails" ("billno_id");
CREATE INDEX IF NOT EXISTS "transactions_purchasebill_supplier_id_ab6d7429" ON "transactions_purchasebill" ("supplier_id");
CREATE TABLE IF NOT EXISTS "django_admin_log" ("id" integer NOT NULL PRIMARY KEY AUTOINCREMENT, "action_time" datetime NOT NULL, "object_id" text NULL, "object_repr" varchar(200) NOT NULL, "change_message" text NOT NULL, "content_type_id" integer NULL REFERENCES "django_content_type" ("id") DEFERRABLE INITIALLY DEFERRED, "user_id" integer NOT NULL REFERENCES "auth_user" ("id") DEFERRABLE INITIALLY DEFERRED, "action_flag" smallint unsigned NOT NULL CHECK ("action_flag" >= 0));
INSERT INTO "django_admin_log" VALUES(1,'2023-02-21 10:42:39.117862','4','Bill no: 4','',9,1,3);
INSERT INTO "django_admin_log" VALUES(2,'2023-02-21 10:42:39.154627','3','Bill no: 3','',9,1,3);
INSERT INTO "django_admin_log" VALUES(3,'2023-02-21 10:42:45.749982','1','SUPPLIER','',10,1,3);
INSERT INTO "django_admin_log" VALUES(4,'2023-02-21 10:43:10.149348','3','TTT','',7,1,3);
INSERT INTO "django_admin_log" VALUES(5,'2023-02-21 10:43:10.186356','2','Chips','',7,1,3);
INSERT INTO "django_admin_log" VALUES(6,'2023-02-21 10:43:10.224745','1','ITEM1','',7,1,3);
INSERT INTO "django_admin_log" VALUES(7,'2023-04-04 17:09:27.778498','3','shubhra','[{"added": {}}]',4,2,1);
INSERT INTO "django_admin_log" VALUES(8,'2023-04-04 17:09:31.900906','3','shubhra','[]',4,2,2);
INSERT INTO "django_admin_log" VALUES(9,'2023-04-04 17:10:21.440464','3','shubhra','[{"changed": {"fields": ["Staff status"]}}]',4,2,2);
INSERT INTO "django_admin_log" VALUES(10,'2023-04-04 17:11:02.459337','3','shubhra','[{"changed": {"fields": ["Superuser status"]}}]',4,1,2);
INSERT INTO "django_admin_log" VALUES(11,'2023-04-08 09:34:48.694150','4','Bill no: 4','[]',14,3,2);
CREATE UNIQUE INDEX "auth_group_permissions_group_id_permission_id_0cd325b0_uniq" ON "auth_group_permissions" ("group_id", "permission_id");
CREATE INDEX IF NOT EXISTS "auth_group_permissions_group_id_b120cbf9" ON "auth_group_permissions" ("group_id");
CREATE INDEX IF NOT EXISTS "auth_group_permissions_permission_id_84c5c92e" ON "auth_group_permissions" ("permission_id");
CREATE UNIQUE INDEX "auth_user_groups_user_id_group_id_94350c0c_uniq" ON "auth_user_groups" ("user_id", "group_id");
CREATE INDEX IF NOT EXISTS "auth_user_groups_user_id_6a12ed8b" ON "auth_user_groups" ("user_id");
CREATE INDEX IF NOT EXISTS "auth_user_groups_group_id_97559544" ON "auth_user_groups" ("group_id");
CREATE UNIQUE INDEX "auth_user_user_permissions_user_id_permission_id_14a6b632_uniq" ON "auth_user_user_permissions" ("user_id", "permission_id");
CREATE INDEX IF NOT EXISTS "auth_user_user_permissions_user_id_a95ead1b" ON "auth_user_user_permissions" ("user_id");
CREATE INDEX IF NOT EXISTS "auth_user_user_permissions_permission_id_1fbb5f2c" ON "auth_user_user_permissions" ("permission_id");
CREATE INDEX IF NOT EXISTS "django_admin_log_content_type_id_c4bce8eb" ON "django_admin_log" ("content_type_id");
CREATE INDEX IF NOT EXISTS "django_admin_log_user_id_c564eba6" ON "django_admin_log" ("user_id");
CREATE UNIQUE INDEX "django_content_type_app_label_model_76bd3d3b_uniq" ON "django_content_type" ("app_label", "model");
CREATE UNIQUE INDEX "auth_permission_content_type_id_codename_01ab375a_uniq" ON "auth_permission" ("content_type_id", "codename");
CREATE INDEX IF NOT EXISTS "auth_permission_content_type_id_2f476e4b" ON "auth_permission" ("content_type_id");
CREATE INDEX IF NOT EXISTS "django_session_expire_date_a5c62663" ON "django_session" ("expire_date");
CREATE INDEX IF NOT EXISTS "transactions_saleitem_billno_id_eb219925" ON "transactions_saleitem" ("billno_id");
CREATE INDEX IF NOT EXISTS "transactions_saleitem_stock_id_4b17b3fd" ON "transactions_saleitem" ("stock_id");
CREATE INDEX IF NOT EXISTS "transactions_salebilldetails_billno_id_29bdca68" ON "transactions_salebilldetails" ("billno_id");
CREATE INDEX IF NOT EXISTS "transactions_purchaseitem_billno_id_1c37095c" ON "transactions_purchaseitem" ("billno_id");
CREATE INDEX IF NOT EXISTS "transactions_purchaseitem_stock_id_7cdd5bf7" ON "transactions_purchaseitem" ("stock_id");
CREATE INDEX IF NOT EXISTS "transactions_purchasebilldetails_billno_id_68bce76e" ON "transactions_purchasebilldetails" ("billno_id");
CREATE INDEX IF NOT EXISTS "transactions_purchasebill_supplier_id_ab6d7429" ON "transactions_purchasebill" ("supplier_id");
CREATE TABLE IF NOT EXISTS "django_content_type" ("id" integer NOT NULL PRIMARY KEY AUTOINCREMENT, "app_label" varchar(100) NOT NULL, "model" varchar(100) NOT NULL);
INSERT INTO "django_content_type" VALUES(1,'admin','logentry');
INSERT INTO "django_content_type" VALUES(2,'auth','permission');
INSERT INTO "django_content_type" VALUES(3,'auth','group');
INSERT INTO "django_content_type" VALUES(4,'auth','user');
INSERT INTO "django_content_type" VALUES(5,'contenttypes','contenttype');
INSERT INTO "django_content_type" VALUES(6,'sessions','session');
INSERT INTO "django_content_type" VALUES(7,'inventory','stock');
INSERT INTO "django_content_type" VALUES(8,'transactions','purchasebill');
INSERT INTO "django_content_type" VALUES(9,'transactions','salebill');
INSERT INTO "django_content_type" VALUES(10,'transactions','supplier');
INSERT INTO "django_content_type" VALUES(11,'transactions','saleitem');
INSERT INTO "django_content_type" VALUES(12,'transactions','salebilldetails');
INSERT INTO "django_content_type" VALUES(13,'transactions','purchaseitem');
INSERT INTO "django_content_type" VALUES(14,'transactions','purchasebilldetails');
CREATE UNIQUE INDEX "auth_group_permissions_group_id_permission_id_0cd325b0_uniq" ON "auth_group_permissions" ("group_id", "permission_id");
CREATE INDEX IF NOT EXISTS "auth_group_permissions_group_id_b120cbf9" ON "auth_group_permissions" ("group_id");
CREATE INDEX IF NOT EXISTS "auth_group_permissions_permission_id_84c5c92e" ON "auth_group_permissions" ("permission_id");
CREATE UNIQUE INDEX "auth_user_groups_user_id_group_id_94350c0c_uniq" ON "auth_user_groups" ("user_id", "group_id");
CREATE INDEX IF NOT EXISTS "auth_user_groups_user_id_6a12ed8b" ON "auth_user_groups" ("user_id");
CREATE INDEX IF NOT EXISTS "auth_user_groups_group_id_97559544" ON "auth_user_groups" ("group_id");
CREATE UNIQUE INDEX "auth_user_user_permissions_user_id_permission_id_14a6b632_uniq" ON "auth_user_user_permissions" ("user_id", "permission_id");
CREATE INDEX IF NOT EXISTS "auth_user_user_permissions_user_id_a95ead1b" ON "auth_user_user_permissions" ("user_id");
CREATE INDEX IF NOT EXISTS "auth_user_user_permissions_permission_id_1fbb5f2c" ON "auth_user_user_permissions" ("permission_id");
CREATE INDEX IF NOT EXISTS "django_admin_log_content_type_id_c4bce8eb" ON "django_admin_log" ("content_type_id");
CREATE INDEX IF NOT EXISTS "django_admin_log_user_id_c564eba6" ON "django_admin_log" ("user_id");
CREATE UNIQUE INDEX "django_content_type_app_label_model_76bd3d3b_uniq" ON "django_content_type" ("app_label", "model");
CREATE UNIQUE INDEX "auth_permission_content_type_id_codename_01ab375a_uniq" ON "auth_permission" ("content_type_id", "codename");
CREATE INDEX IF NOT EXISTS "auth_permission_content_type_id_2f476e4b" ON "auth_permission" ("content_type_id");
CREATE INDEX IF NOT EXISTS "django_session_expire_date_a5c62663" ON "django_session" ("expire_date");
CREATE INDEX IF NOT EXISTS "transactions_saleitem_billno_id_eb219925" ON "transactions_saleitem" ("billno_id");
CREATE INDEX IF NOT EXISTS "transactions_saleitem_stock_id_4b17b3fd" ON "transactions_saleitem" ("stock_id");
CREATE INDEX IF NOT EXISTS "transactions_salebilldetails_billno_id_29bdca68" ON "transactions_salebilldetails" ("billno_id");
CREATE INDEX IF NOT EXISTS "transactions_purchaseitem_billno_id_1c37095c" ON "transactions_purchaseitem" ("billno_id");
CREATE INDEX IF NOT EXISTS "transactions_purchaseitem_stock_id_7cdd5bf7" ON "transactions_purchaseitem" ("stock_id");
CREATE INDEX IF NOT EXISTS "transactions_purchasebilldetails_billno_id_68bce76e" ON "transactions_purchasebilldetails" ("billno_id");
CREATE INDEX IF NOT EXISTS "transactions_purchasebill_supplier_id_ab6d7429" ON "transactions_purchasebill" ("supplier_id");
CREATE TABLE IF NOT EXISTS "django_migrations" ("id" integer NOT NULL PRIMARY KEY AUTOINCREMENT, "app" varchar(255) NOT NULL, "name" varchar(255) NOT NULL, "applied" datetime NOT NULL);
INSERT INTO "django_migrations" VALUES(1,'contenttypes','0001_initial','2023-02-21 08:31:45.555747');
INSERT INTO "django_migrations" VALUES(2,'auth','0001_initial','2023-02-21 08:31:45.602635');
INSERT INTO "django_migrations" VALUES(3,'admin','0001_initial','2023-02-21 08:31:45.650058');
INSERT INTO "django_migrations" VALUES(4,'admin','0002_logentry_remove_auto_add','2023-02-21 08:31:45.696980');
INSERT INTO "django_migrations" VALUES(5,'admin','0003_logentry_add_action_flag_choices','2023-02-21 08:31:45.744285');
INSERT INTO "django_migrations" VALUES(6,'contenttypes','0002_remove_content_type_name','2023-02-21 08:31:45.791352');
INSERT INTO "django_migrations" VALUES(7,'auth','0002_alter_permission_name_max_length','2023-02-21 08:31:45.838321');
INSERT INTO "django_migrations" VALUES(8,'auth','0003_alter_user_email_max_length','2023-02-21 08:31:45.885212');
INSERT INTO "django_migrations" VALUES(9,'auth','0004_alter_user_username_opts','2023-02-21 08:31:45.948159');
INSERT INTO "django_migrations" VALUES(10,'auth','0005_alter_user_last_login_null','2023-02-21 08:31:45.995235');
INSERT INTO "django_migrations" VALUES(11,'auth','0006_require_contenttypes_0002','2023-02-21 08:31:46.032636');
INSERT INTO "django_migrations" VALUES(12,'auth','0007_alter_validators_add_error_messages','2023-02-21 08:31:46.073897');
INSERT INTO "django_migrations" VALUES(13,'auth','0008_alter_user_username_max_length','2023-02-21 08:31:46.121428');
INSERT INTO "django_migrations" VALUES(14,'auth','0009_alter_user_last_name_max_length','2023-02-21 08:31:46.168722');
INSERT INTO "django_migrations" VALUES(15,'auth','0010_alter_group_name_max_length','2023-02-21 08:31:46.215658');
INSERT INTO "django_migrations" VALUES(16,'auth','0011_update_proxy_permissions','2023-02-21 08:31:46.262942');
INSERT INTO "django_migrations" VALUES(17,'inventory','0001_initial','2023-02-21 08:31:46.294195');
INSERT INTO "django_migrations" VALUES(18,'sessions','0001_initial','2023-02-21 08:31:46.341470');
INSERT INTO "django_migrations" VALUES(19,'transactions','0001_initial','2023-02-21 08:31:46.419761');
CREATE UNIQUE INDEX "auth_group_permissions_group_id_permission_id_0cd325b0_uniq" ON "auth_group_permissions" ("group_id", "permission_id");
CREATE INDEX IF NOT EXISTS "auth_group_permissions_group_id_b120cbf9" ON "auth_group_permissions" ("group_id");
CREATE INDEX IF NOT EXISTS "auth_group_permissions_permission_id_84c5c92e" ON "auth_group_permissions" ("permission_id");
CREATE UNIQUE INDEX "auth_user_groups_user_id_group_id_94350c0c_uniq" ON "auth_user_groups" ("user_id", "group_id");
CREATE INDEX IF NOT EXISTS "auth_user_groups_user_id_6a12ed8b" ON "auth_user_groups" ("user_id");
CREATE INDEX IF NOT EXISTS "auth_user_groups_group_id_97559544" ON "auth_user_groups" ("group_id");
CREATE UNIQUE INDEX "auth_user_user_permissions_user_id_permission_id_14a6b632_uniq" ON "auth_user_user_permissions" ("user_id", "permission_id");
CREATE INDEX IF NOT EXISTS "auth_user_user_permissions_user_id_a95ead1b" ON "auth_user_user_permissions" ("user_id");
CREATE INDEX IF NOT EXISTS "auth_user_user_permissions_permission_id_1fbb5f2c" ON "auth_user_user_permissions" ("permission_id");
CREATE INDEX IF NOT EXISTS "django_admin_log_content_type_id_c4bce8eb" ON "django_admin_log" ("content_type_id");
CREATE INDEX IF NOT EXISTS "django_admin_log_user_id_c564eba6" ON "django_admin_log" ("user_id");
CREATE UNIQUE INDEX "django_content_type_app_label_model_76bd3d3b_uniq" ON "django_content_type" ("app_label", "model");
CREATE UNIQUE INDEX "auth_permission_content_type_id_codename_01ab375a_uniq" ON "auth_permission" ("content_type_id", "codename");
CREATE INDEX IF NOT EXISTS "auth_permission_content_type_id_2f476e4b" ON "auth_permission" ("content_type_id");
CREATE INDEX IF NOT EXISTS "django_session_expire_date_a5c62663" ON "django_session" ("expire_date");
CREATE INDEX IF NOT EXISTS "transactions_saleitem_billno_id_eb219925" ON "transactions_saleitem" ("billno_id");
CREATE INDEX IF NOT EXISTS "transactions_saleitem_stock_id_4b17b3fd" ON "transactions_saleitem" ("stock_id");
CREATE INDEX IF NOT EXISTS "transactions_salebilldetails_billno_id_29bdca68" ON "transactions_salebilldetails" ("billno_id");
CREATE INDEX IF NOT EXISTS "transactions_purchaseitem_billno_id_1c37095c" ON "transactions_purchaseitem" ("billno_id");
CREATE INDEX IF NOT EXISTS "transactions_purchaseitem_stock_id_7cdd5bf7" ON "transactions_purchaseitem" ("stock_id");
CREATE INDEX IF NOT EXISTS "transactions_purchasebilldetails_billno_id_68bce76e" ON "transactions_purchasebilldetails" ("billno_id");
CREATE INDEX IF NOT EXISTS "transactions_purchasebill_supplier_id_ab6d7429" ON "transactions_purchasebill" ("supplier_id");
CREATE TABLE IF NOT EXISTS "django_session" ("session_key" varchar(40) NOT NULL PRIMARY KEY, "session_data" text NOT NULL, "expire_date" datetime NOT NULL);
INSERT INTO "django_session" VALUES('p3j6jwncvnif1wj3qa0caxaje1yyyxhn','Njk5YzQ4NzlhMWVkZmE0MTEyZDU5NzNiYWQyMjIyOWVhMTJmM2I0NDp7Il9hdXRoX3VzZXJfaWQiOiIxIiwiX2F1dGhfdXNlcl9iYWNrZW5kIjoiZGphbmdvLmNvbnRyaWIuYXV0aC5iYWNrZW5kcy5Nb2RlbEJhY2tlbmQiLCJfYXV0aF91c2VyX2hhc2giOiIwYmM3NzBlNjJkMGNmODAxMGYwOGFlMGE5MDhkNDJmNmE2M2JkNjk3In0=','2023-03-07 08:33:10.398645');
INSERT INTO "django_session" VALUES('nscapw8iw6cg0tk8v3hs2fjcdqstch71','Njk5YzQ4NzlhMWVkZmE0MTEyZDU5NzNiYWQyMjIyOWVhMTJmM2I0NDp7Il9hdXRoX3VzZXJfaWQiOiIxIiwiX2F1dGhfdXNlcl9iYWNrZW5kIjoiZGphbmdvLmNvbnRyaWIuYXV0aC5iYWNrZW5kcy5Nb2RlbEJhY2tlbmQiLCJfYXV0aF91c2VyX2hhc2giOiIwYmM3NzBlNjJkMGNmODAxMGYwOGFlMGE5MDhkNDJmNmE2M2JkNjk3In0=','2023-03-07 09:11:22.681893');
INSERT INTO "django_session" VALUES('flhly3abjri1q44dfulij0au1ufh5r7w','Njk5YzQ4NzlhMWVkZmE0MTEyZDU5NzNiYWQyMjIyOWVhMTJmM2I0NDp7Il9hdXRoX3VzZXJfaWQiOiIxIiwiX2F1dGhfdXNlcl9iYWNrZW5kIjoiZGphbmdvLmNvbnRyaWIuYXV0aC5iYWNrZW5kcy5Nb2RlbEJhY2tlbmQiLCJfYXV0aF91c2VyX2hhc2giOiIwYmM3NzBlNjJkMGNmODAxMGYwOGFlMGE5MDhkNDJmNmE2M2JkNjk3In0=','2023-03-09 06:40:43.186488');
INSERT INTO "django_session" VALUES('6o3k9bkg1751jjbcdtm8ydwnn81pw6oo','Zjg4YjEyMTUwMzViN2EwNTMwMWEzYmQwMDRhYWQzZDJlMmNkODQ4Mzp7fQ==','2023-04-17 09:37:22.552537');
INSERT INTO "django_session" VALUES('h08xzfjnomgf0ozb38n8vsdb8mhsv436','Zjg4YjEyMTUwMzViN2EwNTMwMWEzYmQwMDRhYWQzZDJlMmNkODQ4Mzp7fQ==','2023-04-18 07:16:54.766311');
INSERT INTO "django_session" VALUES('bw6rn773rnm4grikryzrpmqs4rmh1kco','YTZkZjE4MDFkNzA2ODI1NDA2YTA4NjU1M2VlNzBmY2FlMzZjNmNkMzp7Il9hdXRoX3VzZXJfaWQiOiIzIiwiX2F1dGhfdXNlcl9iYWNrZW5kIjoiZGphbmdvLmNvbnRyaWIuYXV0aC5iYWNrZW5kcy5Nb2RlbEJhY2tlbmQiLCJfYXV0aF91c2VyX2hhc2giOiI0NmZjMWFlYjg1NjE4ODEwYThjMDdhNmYxMTk2Yzk4YTU1ZTZkNGJlIn0=','2023-04-18 17:11:14.799488');
INSERT INTO "django_session" VALUES('joyfndb00bm4z6vf9nyw05k8pjp6ls3i','YTZkZjE4MDFkNzA2ODI1NDA2YTA4NjU1M2VlNzBmY2FlMzZjNmNkMzp7Il9hdXRoX3VzZXJfaWQiOiIzIiwiX2F1dGhfdXNlcl9iYWNrZW5kIjoiZGphbmdvLmNvbnRyaWIuYXV0aC5iYWNrZW5kcy5Nb2RlbEJhY2tlbmQiLCJfYXV0aF91c2VyX2hhc2giOiI0NmZjMWFlYjg1NjE4ODEwYThjMDdhNmYxMTk2Yzk4YTU1ZTZkNGJlIn0=','2023-04-18 18:30:24.042528');
INSERT INTO "django_session" VALUES('hsdtcp2pvs28x8ps50rawxctaqhmrceq','OWE2MjgyOGIyYTA4Y2Q3Njk1NTc1ZjczYWE0YmU1NTQxNGFlNzQ3NTp7Il9hdXRoX3VzZXJfaWQiOiIyIiwiX2F1dGhfdXNlcl9iYWNrZW5kIjoiZGphbmdvLmNvbnRyaWIuYXV0aC5iYWNrZW5kcy5Nb2RlbEJhY2tlbmQiLCJfYXV0aF91c2VyX2hhc2giOiI4ODIzYjc0YWE4NzQ0NjRlZTdiNGU0ZmMyNjUxZWJiZTQ2M2Y4YTA1In0=','2023-04-19 06:01:35.817134');
INSERT INTO "django_session" VALUES('l1dh07rwa57z4fhv8h8asafcd6ptylqd','YTZkZjE4MDFkNzA2ODI1NDA2YTA4NjU1M2VlNzBmY2FlMzZjNmNkMzp7Il9hdXRoX3VzZXJfaWQiOiIzIiwiX2F1dGhfdXNlcl9iYWNrZW5kIjoiZGphbmdvLmNvbnRyaWIuYXV0aC5iYWNrZW5kcy5Nb2RlbEJhY2tlbmQiLCJfYXV0aF91c2VyX2hhc2giOiI0NmZjMWFlYjg1NjE4ODEwYThjMDdhNmYxMTk2Yzk4YTU1ZTZkNGJlIn0=','2023-04-22 09:30:17.332889');
INSERT INTO "django_session" VALUES('ulkywo03u806y28brbnq5aydr96emrfy','OWE2MjgyOGIyYTA4Y2Q3Njk1NTc1ZjczYWE0YmU1NTQxNGFlNzQ3NTp7Il9hdXRoX3VzZXJfaWQiOiIyIiwiX2F1dGhfdXNlcl9iYWNrZW5kIjoiZGphbmdvLmNvbnRyaWIuYXV0aC5iYWNrZW5kcy5Nb2RlbEJhY2tlbmQiLCJfYXV0aF91c2VyX2hhc2giOiI4ODIzYjc0YWE4NzQ0NjRlZTdiNGU0ZmMyNjUxZWJiZTQ2M2Y4YTA1In0=','2023-05-10 17:05:36.696222');
CREATE UNIQUE INDEX "auth_group_permissions_group_id_permission_id_0cd325b0_uniq" ON "auth_group_permissions" ("group_id", "permission_id");
CREATE INDEX IF NOT EXISTS "auth_group_permissions_group_id_b120cbf9" ON "auth_group_permissions" ("group_id");
CREATE INDEX IF NOT EXISTS "auth_group_permissions_permission_id_84c5c92e" ON "auth_group_permissions" ("permission_id");
CREATE UNIQUE INDEX "auth_user_groups_user_id_group_id_94350c0c_uniq" ON "auth_user_groups" ("user_id", "group_id");
CREATE INDEX IF NOT EXISTS "auth_user_groups_user_id_6a12ed8b" ON "auth_user_groups" ("user_id");
CREATE INDEX IF NOT EXISTS "auth_user_groups_group_id_97559544" ON "auth_user_groups" ("group_id");
CREATE UNIQUE INDEX "auth_user_user_permissions_user_id_permission_id_14a6b632_uniq" ON "auth_user_user_permissions" ("user_id", "permission_id");
CREATE INDEX IF NOT EXISTS "auth_user_user_permissions_user_id_a95ead1b" ON "auth_user_user_permissions" ("user_id");
CREATE INDEX IF NOT EXISTS "auth_user_user_permissions_permission_id_1fbb5f2c" ON "auth_user_user_permissions" ("permission_id");
CREATE INDEX IF NOT EXISTS "django_admin_log_content_type_id_c4bce8eb" ON "django_admin_log" ("content_type_id");
CREATE INDEX IF NOT EXISTS "django_admin_log_user_id_c564eba6" ON "django_admin_log" ("user_id");
CREATE UNIQUE INDEX "django_content_type_app_label_model_76bd3d3b_uniq" ON "django_content_type" ("app_label", "model");
CREATE UNIQUE INDEX "auth_permission_content_type_id_codename_01ab375a_uniq" ON "auth_permission" ("content_type_id", "codename");
CREATE INDEX IF NOT EXISTS "auth_permission_content_type_id_2f476e4b" ON "auth_permission" ("content_type_id");
CREATE INDEX IF NOT EXISTS "django_session_expire_date_a5c62663" ON "django_session" ("expire_date");
CREATE INDEX IF NOT EXISTS "transactions_saleitem_billno_id_eb219925" ON "transactions_saleitem" ("billno_id");
CREATE INDEX IF NOT EXISTS "transactions_saleitem_stock_id_4b17b3fd" ON "transactions_saleitem" ("stock_id");
CREATE INDEX IF NOT EXISTS "transactions_salebilldetails_billno_id_29bdca68" ON "transactions_salebilldetails" ("billno_id");
CREATE INDEX IF NOT EXISTS "transactions_purchaseitem_billno_id_1c37095c" ON "transactions_purchaseitem" ("billno_id");
CREATE INDEX IF NOT EXISTS "transactions_purchaseitem_stock_id_7cdd5bf7" ON "transactions_purchaseitem" ("stock_id");
CREATE INDEX IF NOT EXISTS "transactions_purchasebilldetails_billno_id_68bce76e" ON "transactions_purchasebilldetails" ("billno_id");
CREATE INDEX IF NOT EXISTS "transactions_purchasebill_supplier_id_ab6d7429" ON "transactions_purchasebill" ("supplier_id");
CREATE TABLE IF NOT EXISTS "inventory_stock" ("id" integer NOT NULL PRIMARY KEY AUTOINCREMENT, "name" varchar(30) NOT NULL UNIQUE, "quantity" integer NOT NULL, "is_deleted" bool NOT NULL);
INSERT INTO "inventory_stock" VALUES(4,'Tea',111,0);
INSERT INTO "inventory_stock" VALUES(5,'Coffee',49,0);
INSERT INTO "inventory_stock" VALUES(6,'Milk',60,0);
INSERT INTO "inventory_stock" VALUES(7,'tea',16,0);
CREATE UNIQUE INDEX "auth_group_permissions_group_id_permission_id_0cd325b0_uniq" ON "auth_group_permissions" ("group_id", "permission_id");
CREATE INDEX IF NOT EXISTS "auth_group_permissions_group_id_b120cbf9" ON "auth_group_permissions" ("group_id");
CREATE INDEX IF NOT EXISTS "auth_group_permissions_permission_id_84c5c92e" ON "auth_group_permissions" ("permission_id");
CREATE UNIQUE INDEX "auth_user_groups_user_id_group_id_94350c0c_uniq" ON "auth_user_groups" ("user_id", "group_id");
CREATE INDEX IF NOT EXISTS "auth_user_groups_user_id_6a12ed8b" ON "auth_user_groups" ("user_id");
CREATE INDEX IF NOT EXISTS "auth_user_groups_group_id_97559544" ON "auth_user_groups" ("group_id");
CREATE UNIQUE INDEX "auth_user_user_permissions_user_id_permission_id_14a6b632_uniq" ON "auth_user_user_permissions" ("user_id", "permission_id");
CREATE INDEX IF NOT EXISTS "auth_user_user_permissions_user_id_a95ead1b" ON "auth_user_user_permissions" ("user_id");
CREATE INDEX IF NOT EXISTS "auth_user_user_permissions_permission_id_1fbb5f2c" ON "auth_user_user_permissions" ("permission_id");
CREATE INDEX IF NOT EXISTS "django_admin_log_content_type_id_c4bce8eb" ON "django_admin_log" ("content_type_id");
CREATE INDEX IF NOT EXISTS "django_admin_log_user_id_c564eba6" ON "django_admin_log" ("user_id");
CREATE UNIQUE INDEX "django_content_type_app_label_model_76bd3d3b_uniq" ON "django_content_type" ("app_label", "model");
CREATE UNIQUE INDEX "auth_permission_content_type_id_codename_01ab375a_uniq" ON "auth_permission" ("content_type_id", "codename");
CREATE INDEX IF NOT EXISTS "auth_permission_content_type_id_2f476e4b" ON "auth_permission" ("content_type_id");
CREATE INDEX IF NOT EXISTS "django_session_expire_date_a5c62663" ON "django_session" ("expire_date");
CREATE INDEX IF NOT EXISTS "transactions_saleitem_billno_id_eb219925" ON "transactions_saleitem" ("billno_id");
CREATE INDEX IF NOT EXISTS "transactions_saleitem_stock_id_4b17b3fd" ON "transactions_saleitem" ("stock_id");
CREATE INDEX IF NOT EXISTS "transactions_salebilldetails_billno_id_29bdca68" ON "transactions_salebilldetails" ("billno_id");
CREATE INDEX IF NOT EXISTS "transactions_purchaseitem_billno_id_1c37095c" ON "transactions_purchaseitem" ("billno_id");
CREATE INDEX IF NOT EXISTS "transactions_purchaseitem_stock_id_7cdd5bf7" ON "transactions_purchaseitem" ("stock_id");
CREATE INDEX IF NOT EXISTS "transactions_purchasebilldetails_billno_id_68bce76e" ON "transactions_purchasebilldetails" ("billno_id");
CREATE INDEX IF NOT EXISTS "transactions_purchasebill_supplier_id_ab6d7429" ON "transactions_purchasebill" ("supplier_id");
CREATE TABLE IF NOT EXISTS "transactions_purchasebill" ("billno" integer NOT NULL PRIMARY KEY AUTOINCREMENT, "time" datetime NOT NULL, "supplier_id" integer NOT NULL REFERENCES "transactions_supplier" ("id") DEFERRABLE INITIALLY DEFERRED);
INSERT INTO "transactions_purchasebill" VALUES(2,'2023-02-21 10:44:14.116504',2);
INSERT INTO "transactions_purchasebill" VALUES(3,'2023-04-04 17:12:08.041331',3);
INSERT INTO "transactions_purchasebill" VALUES(4,'2023-04-06 06:47:30.124772',2);
INSERT INTO "transactions_purchasebill" VALUES(5,'2023-04-26 17:09:33.953147',2);
CREATE UNIQUE INDEX "auth_group_permissions_group_id_permission_id_0cd325b0_uniq" ON "auth_group_permissions" ("group_id", "permission_id");
CREATE INDEX IF NOT EXISTS "auth_group_permissions_group_id_b120cbf9" ON "auth_group_permissions" ("group_id");
CREATE INDEX IF NOT EXISTS "auth_group_permissions_permission_id_84c5c92e" ON "auth_group_permissions" ("permission_id");
CREATE UNIQUE INDEX "auth_user_groups_user_id_group_id_94350c0c_uniq" ON "auth_user_groups" ("user_id", "group_id");
CREATE INDEX IF NOT EXISTS "auth_user_groups_user_id_6a12ed8b" ON "auth_user_groups" ("user_id");
CREATE INDEX IF NOT EXISTS "auth_user_groups_group_id_97559544" ON "auth_user_groups" ("group_id");
CREATE UNIQUE INDEX "auth_user_user_permissions_user_id_permission_id_14a6b632_uniq" ON "auth_user_user_permissions" ("user_id", "permission_id");
CREATE INDEX IF NOT EXISTS "auth_user_user_permissions_user_id_a95ead1b" ON "auth_user_user_permissions" ("user_id");
CREATE INDEX IF NOT EXISTS "auth_user_user_permissions_permission_id_1fbb5f2c" ON "auth_user_user_permissions" ("permission_id");
CREATE INDEX IF NOT EXISTS "django_admin_log_content_type_id_c4bce8eb" ON "django_admin_log" ("content_type_id");
CREATE INDEX IF NOT EXISTS "django_admin_log_user_id_c564eba6" ON "django_admin_log" ("user_id");
CREATE UNIQUE INDEX "django_content_type_app_label_model_76bd3d3b_uniq" ON "django_content_type" ("app_label", "model");
CREATE UNIQUE INDEX "auth_permission_content_type_id_codename_01ab375a_uniq" ON "auth_permission" ("content_type_id", "codename");
CREATE INDEX IF NOT EXISTS "auth_permission_content_type_id_2f476e4b" ON "auth_permission" ("content_type_id");
CREATE INDEX IF NOT EXISTS "django_session_expire_date_a5c62663" ON "django_session" ("expire_date");
CREATE INDEX IF NOT EXISTS "transactions_saleitem_billno_id_eb219925" ON "transactions_saleitem" ("billno_id");
CREATE INDEX IF NOT EXISTS "transactions_saleitem_stock_id_4b17b3fd" ON "transactions_saleitem" ("stock_id");
CREATE INDEX IF NOT EXISTS "transactions_salebilldetails_billno_id_29bdca68" ON "transactions_salebilldetails" ("billno_id");
CREATE INDEX IF NOT EXISTS "transactions_purchaseitem_billno_id_1c37095c" ON "transactions_purchaseitem" ("billno_id");
CREATE INDEX IF NOT EXISTS "transactions_purchaseitem_stock_id_7cdd5bf7" ON "transactions_purchaseitem" ("stock_id");
CREATE INDEX IF NOT EXISTS "transactions_purchasebilldetails_billno_id_68bce76e" ON "transactions_purchasebilldetails" ("billno_id");
CREATE INDEX IF NOT EXISTS "transactions_purchasebill_supplier_id_ab6d7429" ON "transactions_purchasebill" ("supplier_id");
CREATE TABLE IF NOT EXISTS "transactions_purchasebilldetails" ("id" integer NOT NULL PRIMARY KEY AUTOINCREMENT, "eway" varchar(50) NULL, "veh" varchar(50) NULL, "destination" varchar(50) NULL, "po" varchar(50) NULL, "cgst" varchar(50) NULL, "sgst" varchar(50) NULL, "igst" varchar(50) NULL, "cess" varchar(50) NULL, "tcs" varchar(50) NULL, "total" varchar(50) NULL, "billno_id" integer NOT NULL REFERENCES "transactions_purchasebill" ("billno") DEFERRABLE INITIALLY DEFERRED);
INSERT INTO "transactions_purchasebilldetails" VALUES(2,NULL,NULL,NULL,NULL,NULL,NULL,NULL,NULL,NULL,NULL,2);
INSERT INTO "transactions_purchasebilldetails" VALUES(3,NULL,NULL,NULL,NULL,NULL,NULL,NULL,NULL,NULL,NULL,3);
INSERT INTO "transactions_purchasebilldetails" VALUES(4,NULL,NULL,NULL,NULL,NULL,NULL,NULL,NULL,NULL,NULL,4);
INSERT INTO "transactions_purchasebilldetails" VALUES(5,NULL,NULL,NULL,NULL,NULL,NULL,NULL,NULL,NULL,NULL,5);
CREATE UNIQUE INDEX "auth_group_permissions_group_id_permission_id_0cd325b0_uniq" ON "auth_group_permissions" ("group_id", "permission_id");
CREATE INDEX IF NOT EXISTS "auth_group_permissions_group_id_b120cbf9" ON "auth_group_permissions" ("group_id");
CREATE INDEX IF NOT EXISTS "auth_group_permissions_permission_id_84c5c92e" ON "auth_group_permissions" ("permission_id");
CREATE UNIQUE INDEX "auth_user_groups_user_id_group_id_94350c0c_uniq" ON "auth_user_groups" ("user_id", "group_id");
CREATE INDEX IF NOT EXISTS "auth_user_groups_user_id_6a12ed8b" ON "auth_user_groups" ("user_id");
CREATE INDEX IF NOT EXISTS "auth_user_groups_group_id_97559544" ON "auth_user_groups" ("group_id");
CREATE UNIQUE INDEX "auth_user_user_permissions_user_id_permission_id_14a6b632_uniq" ON "auth_user_user_permissions" ("user_id", "permission_id");
CREATE INDEX IF NOT EXISTS "auth_user_user_permissions_user_id_a95ead1b" ON "auth_user_user_permissions" ("user_id");
CREATE INDEX IF NOT EXISTS "auth_user_user_permissions_permission_id_1fbb5f2c" ON "auth_user_user_permissions" ("permission_id");
CREATE INDEX IF NOT EXISTS "django_admin_log_content_type_id_c4bce8eb" ON "django_admin_log" ("content_type_id");
CREATE INDEX IF NOT EXISTS "django_admin_log_user_id_c564eba6" ON "django_admin_log" ("user_id");
CREATE UNIQUE INDEX "django_content_type_app_label_model_76bd3d3b_uniq" ON "django_content_type" ("app_label", "model");
CREATE UNIQUE INDEX "auth_permission_content_type_id_codename_01ab375a_uniq" ON "auth_permission" ("content_type_id", "codename");
CREATE INDEX IF NOT EXISTS "auth_permission_content_type_id_2f476e4b" ON "auth_permission" ("content_type_id");
CREATE INDEX IF NOT EXISTS "django_session_expire_date_a5c62663" ON "django_session" ("expire_date");
CREATE INDEX IF NOT EXISTS "transactions_saleitem_billno_id_eb219925" ON "transactions_saleitem" ("billno_id");
CREATE INDEX IF NOT EXISTS "transactions_saleitem_stock_id_4b17b3fd" ON "transactions_saleitem" ("stock_id");
CREATE INDEX IF NOT EXISTS "transactions_salebilldetails_billno_id_29bdca68" ON "transactions_salebilldetails" ("billno_id");
CREATE INDEX IF NOT EXISTS "transactions_purchaseitem_billno_id_1c37095c" ON "transactions_purchaseitem" ("billno_id");
CREATE INDEX IF NOT EXISTS "transactions_purchaseitem_stock_id_7cdd5bf7" ON "transactions_purchaseitem" ("stock_id");
CREATE INDEX IF NOT EXISTS "transactions_purchasebilldetails_billno_id_68bce76e" ON "transactions_purchasebilldetails" ("billno_id");
CREATE INDEX IF NOT EXISTS "transactions_purchasebill_supplier_id_ab6d7429" ON "transactions_purchasebill" ("supplier_id");
CREATE TABLE IF NOT EXISTS "transactions_purchaseitem" ("id" integer NOT NULL PRIMARY KEY AUTOINCREMENT, "quantity" integer NOT NULL, "perprice" integer NOT NULL, "totalprice" integer NOT NULL, "billno_id" integer NOT NULL REFERENCES "transactions_purchasebill" ("billno") DEFERRABLE INITIALLY DEFERRED, "stock_id" integer NOT NULL REFERENCES "inventory_stock" ("id") DEFERRABLE INITIALLY DEFERRED);
INSERT INTO "transactions_purchaseitem" VALUES(2,100,20,2000,2,4);
INSERT INTO "transactions_purchaseitem" VALUES(3,10,10,100,3,4);
INSERT INTO "transactions_purchaseitem" VALUES(4,1,1,1,4,5);
INSERT INTO "transactions_purchaseitem" VALUES(5,5,25,125,5,4);
CREATE UNIQUE INDEX "auth_group_permissions_group_id_permission_id_0cd325b0_uniq" ON "auth_group_permissions" ("group_id", "permission_id");
CREATE INDEX IF NOT EXISTS "auth_group_permissions_group_id_b120cbf9" ON "auth_group_permissions" ("group_id");
CREATE INDEX IF NOT EXISTS "auth_group_permissions_permission_id_84c5c92e" ON "auth_group_permissions" ("permission_id");
CREATE UNIQUE INDEX "auth_user_groups_user_id_group_id_94350c0c_uniq" ON "auth_user_groups" ("user_id", "group_id");
CREATE INDEX IF NOT EXISTS "auth_user_groups_user_id_6a12ed8b" ON "auth_user_groups" ("user_id");
CREATE INDEX IF NOT EXISTS "auth_user_groups_group_id_97559544" ON "auth_user_groups" ("group_id");
CREATE UNIQUE INDEX "auth_user_user_permissions_user_id_permission_id_14a6b632_uniq" ON "auth_user_user_permissions" ("user_id", "permission_id");
CREATE INDEX IF NOT EXISTS "auth_user_user_permissions_user_id_a95ead1b" ON "auth_user_user_permissions" ("user_id");
CREATE INDEX IF NOT EXISTS "auth_user_user_permissions_permission_id_1fbb5f2c" ON "auth_user_user_permissions" ("permission_id");
CREATE INDEX IF NOT EXISTS "django_admin_log_content_type_id_c4bce8eb" ON "django_admin_log" ("content_type_id");
CREATE INDEX IF NOT EXISTS "django_admin_log_user_id_c564eba6" ON "django_admin_log" ("user_id");
CREATE UNIQUE INDEX "django_content_type_app_label_model_76bd3d3b_uniq" ON "django_content_type" ("app_label", "model");
CREATE UNIQUE INDEX "auth_permission_content_type_id_codename_01ab375a_uniq" ON "auth_permission" ("content_type_id", "codename");
CREATE INDEX IF NOT EXISTS "auth_permission_content_type_id_2f476e4b" ON "auth_permission" ("content_type_id");
CREATE INDEX IF NOT EXISTS "django_session_expire_date_a5c62663" ON "django_session" ("expire_date");
CREATE INDEX IF NOT EXISTS "transactions_saleitem_billno_id_eb219925" ON "transactions_saleitem" ("billno_id");
CREATE INDEX IF NOT EXISTS "transactions_saleitem_stock_id_4b17b3fd" ON "transactions_saleitem" ("stock_id");
CREATE INDEX IF NOT EXISTS "transactions_salebilldetails_billno_id_29bdca68" ON "transactions_salebilldetails" ("billno_id");
CREATE INDEX IF NOT EXISTS "transactions_purchaseitem_billno_id_1c37095c" ON "transactions_purchaseitem" ("billno_id");
CREATE INDEX IF NOT EXISTS "transactions_purchaseitem_stock_id_7cdd5bf7" ON "transactions_purchaseitem" ("stock_id");
CREATE INDEX IF NOT EXISTS "transactions_purchasebilldetails_billno_id_68bce76e" ON "transactions_purchasebilldetails" ("billno_id");
CREATE INDEX IF NOT EXISTS "transactions_purchasebill_supplier_id_ab6d7429" ON "transactions_purchasebill" ("supplier_id");
CREATE TABLE IF NOT EXISTS "transactions_salebill" ("billno" integer NOT NULL PRIMARY KEY AUTOINCREMENT, "time" datetime NOT NULL, "name" varchar(150) NOT NULL, "phone" varchar(12) NOT NULL, "address" varchar(200) NOT NULL, "email" varchar(254) NOT NULL, "gstin" varchar(15) NOT NULL);
INSERT INTO "transactions_salebill" VALUES(5,'2023-02-21 10:45:44.479391','Dhairya B Vora','1919925160','7, Vasupujya Apart. Navpad Soc - 1,
Sukhipura, Paldi','dhairyabvora@gmail.com','SUPPLIER1SUPPLI');
INSERT INTO "transactions_salebill" VALUES(6,'2023-02-21 11:08:32.398697','Dhairya B Vora','1919925160','7, Vasupujya Apart. Navpad Soc - 1,
Sukhipura, Paldi','dhairyabvora@gmail.com','SUPPLIER1SUPPLI');
INSERT INTO "transactions_salebill" VALUES(7,'2023-02-21 12:17:48.359534','Dhairya B Vora','1919925160','7, Vasupujya Apart. Navpad Soc - 1,
Sukhipura, Paldi','dhairyabvora@gmail.com','SUPPLIER1SUPPLI');
INSERT INTO "transactions_salebill" VALUES(8,'2023-02-21 12:22:08.858910','Dhairya B Vora','1919925160','7, Vasupujya Apart. Navpad Soc - 1,
Sukhipura, Paldi','dhairyabvora@gmail.com','SUPPLIER1SUPPLI');
INSERT INTO "transactions_salebill" VALUES(9,'2023-04-26 17:12:08.685812','Shubhra Arora','9328115520','A-85 Aaamantran bunglows
Aarohi club road, Ghuma, Ahmedabad','shubhraarora19@gnu.ac.in','22AAAAA0000A1A2');
CREATE UNIQUE INDEX "auth_group_permissions_group_id_permission_id_0cd325b0_uniq" ON "auth_group_permissions" ("group_id", "permission_id");
CREATE INDEX IF NOT EXISTS "auth_group_permissions_group_id_b120cbf9" ON "auth_group_permissions" ("group_id");
CREATE INDEX IF NOT EXISTS "auth_group_permissions_permission_id_84c5c92e" ON "auth_group_permissions" ("permission_id");
CREATE UNIQUE INDEX "auth_user_groups_user_id_group_id_94350c0c_uniq" ON "auth_user_groups" ("user_id", "group_id");
CREATE INDEX IF NOT EXISTS "auth_user_groups_user_id_6a12ed8b" ON "auth_user_groups" ("user_id");
CREATE INDEX IF NOT EXISTS "auth_user_groups_group_id_97559544" ON "auth_user_groups" ("group_id");
CREATE UNIQUE INDEX "auth_user_user_permissions_user_id_permission_id_14a6b632_uniq" ON "auth_user_user_permissions" ("user_id", "permission_id");
CREATE INDEX IF NOT EXISTS "auth_user_user_permissions_user_id_a95ead1b" ON "auth_user_user_permissions" ("user_id");
CREATE INDEX IF NOT EXISTS "auth_user_user_permissions_permission_id_1fbb5f2c" ON "auth_user_user_permissions" ("permission_id");
CREATE INDEX IF NOT EXISTS "django_admin_log_content_type_id_c4bce8eb" ON "django_admin_log" ("content_type_id");
CREATE INDEX IF NOT EXISTS "django_admin_log_user_id_c564eba6" ON "django_admin_log" ("user_id");
CREATE UNIQUE INDEX "django_content_type_app_label_model_76bd3d3b_uniq" ON "django_content_type" ("app_label", "model");
CREATE UNIQUE INDEX "auth_permission_content_type_id_codename_01ab375a_uniq" ON "auth_permission" ("content_type_id", "codename");
CREATE INDEX IF NOT EXISTS "auth_permission_content_type_id_2f476e4b" ON "auth_permission" ("content_type_id");
CREATE INDEX IF NOT EXISTS "django_session_expire_date_a5c62663" ON "django_session" ("expire_date");
CREATE INDEX IF NOT EXISTS "transactions_saleitem_billno_id_eb219925" ON "transactions_saleitem" ("billno_id");
CREATE INDEX IF NOT EXISTS "transactions_saleitem_stock_id_4b17b3fd" ON "transactions_saleitem" ("stock_id");
CREATE INDEX IF NOT EXISTS "transactions_salebilldetails_billno_id_29bdca68" ON "transactions_salebilldetails" ("billno_id");
CREATE INDEX IF NOT EXISTS "transactions_purchaseitem_billno_id_1c37095c" ON "transactions_purchaseitem" ("billno_id");
CREATE INDEX IF NOT EXISTS "transactions_purchaseitem_stock_id_7cdd5bf7" ON "transactions_purchaseitem" ("stock_id");
CREATE INDEX IF NOT EXISTS "transactions_purchasebilldetails_billno_id_68bce76e" ON "transactions_purchasebilldetails" ("billno_id");
CREATE INDEX IF NOT EXISTS "transactions_purchasebill_supplier_id_ab6d7429" ON "transactions_purchasebill" ("supplier_id");
CREATE TABLE IF NOT EXISTS "transactions_salebilldetails" ("id" integer NOT NULL PRIMARY KEY AUTOINCREMENT, "eway" varchar(50) NULL, "veh" varchar(50) NULL, "destination" varchar(50) NULL, "po" varchar(50) NULL, "cgst" varchar(50) NULL, "sgst" varchar(50) NULL, "igst" varchar(50) NULL, "cess" varchar(50) NULL, "tcs" varchar(50) NULL, "total" varchar(50) NULL, "billno_id" integer NOT NULL REFERENCES "transactions_salebill" ("billno") DEFERRABLE INITIALLY DEFERRED);
INSERT INTO "transactions_salebilldetails" VALUES(5,'','','','','20',NULL,NULL,NULL,NULL,'20',5);
INSERT INTO "transactions_salebilldetails" VALUES(6,'','','','','20',NULL,NULL,NULL,NULL,'20',6);
INSERT INTO "transactions_salebilldetails" VALUES(7,'','','','','100',NULL,NULL,NULL,NULL,'100',7);
INSERT INTO "transactions_salebilldetails" VALUES(8,'','','','','90',NULL,NULL,NULL,NULL,'90',8);
INSERT INTO "transactions_salebilldetails" VALUES(9,NULL,NULL,NULL,NULL,NULL,NULL,NULL,NULL,NULL,NULL,9);
CREATE UNIQUE INDEX "auth_group_permissions_group_id_permission_id_0cd325b0_uniq" ON "auth_group_permissions" ("group_id", "permission_id");
CREATE INDEX IF NOT EXISTS "auth_group_permissions_group_id_b120cbf9" ON "auth_group_permissions" ("group_id");
CREATE INDEX IF NOT EXISTS "auth_group_permissions_permission_id_84c5c92e" ON "auth_group_permissions" ("permission_id");
CREATE UNIQUE INDEX "auth_user_groups_user_id_group_id_94350c0c_uniq" ON "auth_user_groups" ("user_id", "group_id");
CREATE INDEX IF NOT EXISTS "auth_user_groups_user_id_6a12ed8b" ON "auth_user_groups" ("user_id");
CREATE INDEX IF NOT EXISTS "auth_user_groups_group_id_97559544" ON "auth_user_groups" ("group_id");
CREATE UNIQUE INDEX "auth_user_user_permissions_user_id_permission_id_14a6b632_uniq" ON "auth_user_user_permissions" ("user_id", "permission_id");
CREATE INDEX IF NOT EXISTS "auth_user_user_permissions_user_id_a95ead1b" ON "auth_user_user_permissions" ("user_id");
CREATE INDEX IF NOT EXISTS "auth_user_user_permissions_permission_id_1fbb5f2c" ON "auth_user_user_permissions" ("permission_id");
CREATE INDEX IF NOT EXISTS "django_admin_log_content_type_id_c4bce8eb" ON "django_admin_log" ("content_type_id");
CREATE INDEX IF NOT EXISTS "django_admin_log_user_id_c564eba6" ON "django_admin_log" ("user_id");
CREATE UNIQUE INDEX "django_content_type_app_label_model_76bd3d3b_uniq" ON "django_content_type" ("app_label", "model");
CREATE UNIQUE INDEX "auth_permission_content_type_id_codename_01ab375a_uniq" ON "auth_permission" ("content_type_id", "codename");
CREATE INDEX IF NOT EXISTS "auth_permission_content_type_id_2f476e4b" ON "auth_permission" ("content_type_id");
CREATE INDEX IF NOT EXISTS "django_session_expire_date_a5c62663" ON "django_session" ("expire_date");
CREATE INDEX IF NOT EXISTS "transactions_saleitem_billno_id_eb219925" ON "transactions_saleitem" ("billno_id");
CREATE INDEX IF NOT EXISTS "transactions_saleitem_stock_id_4b17b3fd" ON "transactions_saleitem" ("stock_id");
CREATE INDEX IF NOT EXISTS "transactions_salebilldetails_billno_id_29bdca68" ON "transactions_salebilldetails" ("billno_id");
CREATE INDEX IF NOT EXISTS "transactions_purchaseitem_billno_id_1c37095c" ON "transactions_purchaseitem" ("billno_id");
CREATE INDEX IF NOT EXISTS "transactions_purchaseitem_stock_id_7cdd5bf7" ON "transactions_purchaseitem" ("stock_id");
CREATE INDEX IF NOT EXISTS "transactions_purchasebilldetails_billno_id_68bce76e" ON "transactions_purchasebilldetails" ("billno_id");
CREATE INDEX IF NOT EXISTS "transactions_purchasebill_supplier_id_ab6d7429" ON "transactions_purchasebill" ("supplier_id");
CREATE TABLE IF NOT EXISTS "transactions_saleitem" ("id" integer NOT NULL PRIMARY KEY AUTOINCREMENT, "quantity" integer NOT NULL, "perprice" integer NOT NULL, "totalprice" integer NOT NULL, "billno_id" integer NOT NULL REFERENCES "transactions_salebill" ("billno") DEFERRABLE INITIALLY DEFERRED, "stock_id" integer NOT NULL REFERENCES "inventory_stock" ("id") DEFERRABLE INITIALLY DEFERRED);
INSERT INTO "transactions_saleitem" VALUES(5,1,20,20,5,4);
INSERT INTO "transactions_saleitem" VALUES(6,1,20,20,6,4);
INSERT INTO "transactions_saleitem" VALUES(7,1,100,100,7,4);
INSERT INTO "transactions_saleitem" VALUES(8,1,90,90,8,4);
INSERT INTO "transactions_saleitem" VALUES(9,2,20,40,9,5);
CREATE UNIQUE INDEX "auth_group_permissions_group_id_permission_id_0cd325b0_uniq" ON "auth_group_permissions" ("group_id", "permission_id");
CREATE INDEX IF NOT EXISTS "auth_group_permissions_group_id_b120cbf9" ON "auth_group_permissions" ("group_id");
CREATE INDEX IF NOT EXISTS "auth_group_permissions_permission_id_84c5c92e" ON "auth_group_permissions" ("permission_id");
CREATE UNIQUE INDEX "auth_user_groups_user_id_group_id_94350c0c_uniq" ON "auth_user_groups" ("user_id", "group_id");
CREATE INDEX IF NOT EXISTS "auth_user_groups_user_id_6a12ed8b" ON "auth_user_groups" ("user_id");
CREATE INDEX IF NOT EXISTS "auth_user_groups_group_id_97559544" ON "auth_user_groups" ("group_id");
CREATE UNIQUE INDEX "auth_user_user_permissions_user_id_permission_id_14a6b632_uniq" ON "auth_user_user_permissions" ("user_id", "permission_id");
CREATE INDEX IF NOT EXISTS "auth_user_user_permissions_user_id_a95ead1b" ON "auth_user_user_permissions" ("user_id");
CREATE INDEX IF NOT EXISTS "auth_user_user_permissions_permission_id_1fbb5f2c" ON "auth_user_user_permissions" ("permission_id");
CREATE INDEX IF NOT EXISTS "django_admin_log_content_type_id_c4bce8eb" ON "django_admin_log" ("content_type_id");
CREATE INDEX IF NOT EXISTS "django_admin_log_user_id_c564eba6" ON "django_admin_log" ("user_id");
CREATE UNIQUE INDEX "django_content_type_app_label_model_76bd3d3b_uniq" ON "django_content_type" ("app_label", "model");
CREATE UNIQUE INDEX "auth_permission_content_type_id_codename_01ab375a_uniq" ON "auth_permission" ("content_type_id", "codename");
CREATE INDEX IF NOT EXISTS "auth_permission_content_type_id_2f476e4b" ON "auth_permission" ("content_type_id");
CREATE INDEX IF NOT EXISTS "django_session_expire_date_a5c62663" ON "django_session" ("expire_date");
CREATE INDEX IF NOT EXISTS "transactions_saleitem_billno_id_eb219925" ON "transactions_saleitem" ("billno_id");
CREATE INDEX IF NOT EXISTS "transactions_saleitem_stock_id_4b17b3fd" ON "transactions_saleitem" ("stock_id");
CREATE INDEX IF NOT EXISTS "transactions_salebilldetails_billno_id_29bdca68" ON "transactions_salebilldetails" ("billno_id");
CREATE INDEX IF NOT EXISTS "transactions_purchaseitem_billno_id_1c37095c" ON "transactions_purchaseitem" ("billno_id");
CREATE INDEX IF NOT EXISTS "transactions_purchaseitem_stock_id_7cdd5bf7" ON "transactions_purchaseitem" ("stock_id");
CREATE INDEX IF NOT EXISTS "transactions_purchasebilldetails_billno_id_68bce76e" ON "transactions_purchasebilldetails" ("billno_id");
CREATE INDEX IF NOT EXISTS "transactions_purchasebill_supplier_id_ab6d7429" ON "transactions_purchasebill" ("supplier_id");
CREATE TABLE IF NOT EXISTS "transactions_supplier" ("id" integer NOT NULL PRIMARY KEY AUTOINCREMENT, "name" varchar(150) NOT NULL, "phone" varchar(12) NOT NULL UNIQUE, "address" varchar(200) NOT NULL, "email" varchar(254) NOT NULL UNIQUE, "gstin" varchar(15) NOT NULL UNIQUE, "is_deleted" bool NOT NULL);
INSERT INTO "transactions_supplier" VALUES(2,'Dhairya B Vora','1919925160','7, Vasupujya Apart. Navpad Soc - 1,
Sukhipura, Paldi','dhairyabvora@gmail.com','SUPPLIER1SUPPLI',0);
INSERT INTO "transactions_supplier" VALUES(3,'Who this','1234567897','7, Vasupujya Apart. Navpad Soc - 1,
Sukhipura, Paldi','dhairyabvaaora@gmail.com','22AAAAA0000A1Z3',0);
INSERT INTO "transactions_supplier" VALUES(4,'TestA','1234567346','C-304 Lakshmi apartments, thaltej, Ahmedabad, Gujarat 380023','test1@gmail.com','22AAAAA0000A1E4',0);
CREATE UNIQUE INDEX "auth_group_permissions_group_id_permission_id_0cd325b0_uniq" ON "auth_group_permissions" ("group_id", "permission_id");
CREATE INDEX IF NOT EXISTS "auth_group_permissions_group_id_b120cbf9" ON "auth_group_permissions" ("group_id");
CREATE INDEX IF NOT EXISTS "auth_group_permissions_permission_id_84c5c92e" ON "auth_group_permissions" ("permission_id");
CREATE UNIQUE INDEX "auth_user_groups_user_id_group_id_94350c0c_uniq" ON "auth_user_groups" ("user_id", "group_id");
CREATE INDEX IF NOT EXISTS "auth_user_groups_user_id_6a12ed8b" ON "auth_user_groups" ("user_id");
CREATE INDEX IF NOT EXISTS "auth_user_groups_group_id_97559544" ON "auth_user_groups" ("group_id");
CREATE UNIQUE INDEX "auth_user_user_permissions_user_id_permission_id_14a6b632_uniq" ON "auth_user_user_permissions" ("user_id", "permission_id");
CREATE INDEX IF NOT EXISTS "auth_user_user_permissions_user_id_a95ead1b" ON "auth_user_user_permissions" ("user_id");
CREATE INDEX IF NOT EXISTS "auth_user_user_permissions_permission_id_1fbb5f2c" ON "auth_user_user_permissions" ("permission_id");
CREATE INDEX IF NOT EXISTS "django_admin_log_content_type_id_c4bce8eb" ON "django_admin_log" ("content_type_id");
CREATE INDEX IF NOT EXISTS "django_admin_log_user_id_c564eba6" ON "django_admin_log" ("user_id");
CREATE UNIQUE INDEX "django_content_type_app_label_model_76bd3d3b_uniq" ON "django_content_type" ("app_label", "model");
CREATE UNIQUE INDEX "auth_permission_content_type_id_codename_01ab375a_uniq" ON "auth_permission" ("content_type_id", "codename");
CREATE INDEX IF NOT EXISTS "auth_permission_content_type_id_2f476e4b" ON "auth_permission" ("content_type_id");
CREATE INDEX IF NOT EXISTS "django_session_expire_date_a5c62663" ON "django_session" ("expire_date");
CREATE INDEX IF NOT EXISTS "transactions_saleitem_billno_id_eb219925" ON "transactions_saleitem" ("billno_id");
CREATE INDEX IF NOT EXISTS "transactions_saleitem_stock_id_4b17b3fd" ON "transactions_saleitem" ("stock_id");
CREATE INDEX IF NOT EXISTS "transactions_salebilldetails_billno_id_29bdca68" ON "transactions_salebilldetails" ("billno_id");
CREATE INDEX IF NOT EXISTS "transactions_purchaseitem_billno_id_1c37095c" ON "transactions_purchaseitem" ("billno_id");
CREATE INDEX IF NOT EXISTS "transactions_purchaseitem_stock_id_7cdd5bf7" ON "transactions_purchaseitem" ("stock_id");
CREATE INDEX IF NOT EXISTS "transactions_purchasebilldetails_billno_id_68bce76e" ON "transactions_purchasebilldetails" ("billno_id");
CREATE INDEX IF NOT EXISTS "transactions_purchasebill_supplier_id_ab6d7429" ON "transactions_purchasebill" ("supplier_id");
